studentName;subject;date;hours;creditsGiven;tutorMatricola
Elena Santini;Progettazione Architettonica;20-02-2026;4;2;0011223344
Chiara Villani;Storia dell'Architettura;14-03-2026;4;2;0011223344
Sara Bellini;Disegno Tecnico;02-04-2026;4;1;0011223344
Giulia Neri;Digital Transformation;10-01-2026;4;2;0011223366
Martina Rinaldi;Economia Aziendale;05-02-2026;4;2;0011223366
Valentina Longo;Management dell'Innovazione;18-03-2026;4;2;0011223366
Giorgia Pellegrini;Digital Marketing;22-04-2026;4;1;0011223366
Beatrice Marchetti;Business Analytics;30-04-2026;2;1;0011223366
Sara Bellini;Programmazione ad Oggetti;12-01-2026;4;2;0011223388
Elena Santini;Basi di Dati;20-01-2026;4;2;0011223388
Chiara Villani;Algoritmi e Strutture Dati;15-02-2026;4;2;0011223388
Martina Rinaldi;Ingegneria del Software;03-03-2026;4;2;0011223388
Valentina Longo;Reti di Calcolatori;25-03-2026;4;2;0011223388
Giorgia Pellegrini;Sistemi Operativi;10-04-2026;4;1;0011223388
Beatrice Marchetti;Programmazione ad Oggetti;15-04-2026;1;0;0011223388
Elena Santini;Reti Neurali;08-01-2026;4;2;0011224400
Chiara Villani;Machine Learning;22-01-2026;4;2;0011224400
Martina Rinaldi;Elettronica Digitale;05-02-2026;4;2;0011224400
Valentina Longo;Elaborazione dei Segnali;19-02-2026;4;2;0011224400
Giorgia Pellegrini;Deep Learning;10-03-2026;4;2;0011224400
Sara Bellini;Sistemi Embedded;24-03-2026;4;2;0011224400
Beatrice Marchetti;Intelligenza Artificiale;07-04-2026;4;1;0011224400
Giulia Neri;Reti Neurali;14-04-2026;2;0;0011224400
Giulia Neri;Psicologia Clinica;05-01-2026;4;2;0011224422
Martina Rinaldi;Psicopatologia;20-01-2026;4;2;0011224422
Valentina Longo;Colloquio Clinico;10-02-2026;4;1;0011224422
Giorgia Pellegrini;Psicodiagnostica;25-02-2026;3;1;0011224422
Sara Bellini;Scienze Gastronomiche;12-01-2026;4;2;0011224444
Beatrice Marchetti;Chimica degli Alimenti;28-01-2026;3;1;0011224444
Elena Santini;Cultura Enogastronomica;15-02-2026;2;1;0011224444
Chiara Villani;Tecnologie Alimentari;08-01-2026;4;2;0011224466
Martina Rinaldi;Microbiologia degli Alimenti;22-01-2026;4;2;0011224466
Valentina Longo;Chimica Analitica;10-02-2026;4;1;0011224466
Giorgia Pellegrini;Sicurezza Alimentare;24-02-2026;2;1;0011224466
Sara Bellini;Viticoltura;05-01-2026;4;2;0011224488
Beatrice Marchetti;Enologia;19-01-2026;4;2;0011224488
Elena Santini;Chimica Enologica;02-02-2026;4;2;0011224488
Giulia Neri;Degustazione e Analisi Sensoriale;16-02-2026;4;2;0011224488
Martina Rinaldi;Viticoltura;02-03-2026;4;1;0011224488